gibbon,chimpanzee,sumatran,orangutan,gorilla,human,bonobo
0,1.31246,?,?,1.33943,1.3199,?
1.31246,0,?,0.90861,?,0.34807,0.11351
?,?,0,?,?,?,?
?,0.90861,?,0,0.94744,?,?
1.33943,?,?,0.94744,0,?,0.42874
1.3199,0.34807,?,?,?,0,0.33433
?,0.11351,?,?,0.42874,0.33433,0
